iso,year,actual,prediction,benchmark,predictor,latest_predictor_year,training_last_year,training_n
AUS,1985,0.331284156625,0.194875857596,0.0747364382984,0.00673960517599,1983,1984,29
AUS,1986,0.385164203748,0.187781520816,0.0832880289093,0.0101667661716,1984,1985,30
AUS,1987,-0.166733841006,0.146733634124,0.0930259700332,0.0164694692309,1985,1986,31
AUS,1988,0.129329490688,0.14971802012,0.0849084759382,0.014534594484,1986,1987,32
AUS,1989,0.0961382723715,0.057988065206,0.0862545672942,0.0248446935567,1987,1988,33
AUS,1990,-0.210420329533,-0.0123460563234,0.0865452645024,0.0330449726296,1988,1989,34
AUS,1991,0.235193427376,0.0316897182056,0.0780605332443,0.0268300483993,1989,1990,35
AUS,1992,-0.0315482230277,0.112917918527,0.082425335859,0.0188949430386,1990,1991,36
AUS,1993,0.379548605397,0.169037574853,0.0793449694026,0.0122148235752,1991,1992,37
AUS,1994,-0.10506036315,0.220607528547,0.0872450650867,0.00839597243692,1992,1993,38
AUS,1995,0.153718607326,0.189533623801,0.0823141566704,0.00852021261292,1993,1994,39
AUS,1996,0.114314560885,0.167856935872,0.0840992679368,0.0108265628969,1994,1995,40
AUS,1997,0.111693671934,0.129031013915,0.0848362263014,0.0153257162876,1995,1996,41
AUS,1998,0.0755460372829,0.041014276228,0.0854756892926,0.0264196287928,1996,1997,42
AUS,1999,0.176390884483,0.020967522412,0.0852447671528,0.0291338525773,1997,1998,43
AUS,2000,0.0054099013838,0.0127830729447,0.0873162698194,0.0311760795541,1998,1999,44
AUS,2001,0.0548572595919,0.0258217683092,0.0854961282986,0.0293647083152,1999,2000,45
AUS,2002,-0.108152739348,0.0296310640082,0.0848300659355,0.029010207712,2000,2001,46
AUS,2003,0.127842591835,0.0492512073802,0.0807240488018,0.0257618157988,2001,2002,47
AUS,2004,0.246490805844,0.0537205724241,0.081705685115,0.0254398790668,2002,2003,48
AUS,2005,0.179512187623,0.0872911533338,0.0850686467625,0.021513108248,2003,2004,49
AUS,2006,0.206764401635,0.0893828338345,0.0869575175797,0.0214798343024,2004,2005,50
AUS,2007,0.152383312926,0.0923179361291,0.089306672169,0.0213943610941,2005,2006,51
AUS,2008,-0.4286875166,0.0924111649802,0.0905196844913,0.0215387593091,2006,2007,52
AUS,2009,0.371503046626,0.0720315874405,0.0807233222065,0.0229755665002,2007,2008,53
AUS,2010,0.00430660061034,0.0878763414426,0.086108131918,0.0215676378109,2008,2009,54
AUS,2011,-0.143066048615,0.126131450822,0.0846208313488,0.016057963726,2009,2010,55
AUS,2012,0.168699446188,0.126722973859,0.0805549942066,0.0148671507514,2010,2011,56
AUS,2013,0.167654773607,0.131215491821,0.082101388101,0.0144018477763,2011,2012,57
AUS,2014,0.0304623672261,0.151754355669,0.0835764464718,0.0116005774583,2012,2013,58
AUS,2015,0.0105997554277,0.155854774413,0.0826762078405,0.01016018646,2013,2014,59
AUS,2016,0.105183627973,0.13700632381,0.0814749336336,0.0120443167266,2014,2015,60
AUS,2017,0.101230934597,0.14118615187,0.0818636007539,0.0111522845019,2015,2016,61
AUS,2018,-0.055560301751,0.141283863755,0.0821759771063,0.0108601375807,2016,2017,62
AUS,2019,0.219010951691,0.145455088044,0.0799896869657,0.00861776941517,2017,2018,63
AUS,2020,0.0399410229303,0.141158014578,0.082161894227,0.0100371140374,2018,2019,64
BEL,1985,0.317431528846,0.0890943098,0.0204218317041,0.0132210967277,1983,1984,29
BEL,1986,0.418224549536,0.117485481232,0.0303221549422,0.0136473597056,1984,1985,30
BEL,1987,-0.123050025898,0.192881708712,0.042835135413,0.00695211893712,1985,1986,31
BEL,1988,0.505876611204,0.118238746585,0.037651224122,0.0125217592154,1986,1987,32
BEL,1989,0.111966865451,0.144586197937,0.0518398722154,0.0143192611479,1987,1988,33
BEL,1990,-0.22359767394,0.0893436540127,0.0536083131929,0.0234405901733,1988,1989,34
BEL,1991,0.0907035404089,0.0722261702184,0.045688142132,0.0245373713596,1989,1990,35
BEL,1992,-0.0374144535148,0.0538998846897,0.0469385698619,0.0280240135059,1990,1991,36
BEL,1993,0.309866496922,0.0511922180741,0.0446587584193,0.0280631571537,1991,1992,37
BEL,1994,-0.0523366988451,0.0708609235538,0.0516379094325,0.0257226692176,1992,1993,38
BEL,1995,0.117615607864,0.131451897339,0.0489718938357,0.0138235767536,1993,1994,39
BEL,1996,0.233842137537,0.13245658588,0.0506879866864,0.0134615384475,1994,1995,40
BEL,1997,0.329752536456,0.146236962762,0.0551551610974,0.0121770632323,1995,1996,41
BEL,1998,0.399776100036,0.162039097804,0.061693193844,0.0116091266571,1996,1997,42
BEL,1999,-0.0834281089403,0.145446962792,0.0695555870113,0.0163820789644,1997,1998,43
BEL,2000,-0.00319051062039,0.0956288380311,0.0660786848305,0.0227108035697,1998,1999,44
BEL,2001,-0.0463986074197,0.0867982850341,0.0645393693761,0.0237162556838,1999,2000,45
BEL,2002,-0.278119975464,0.0671928818907,0.0621276742283,0.0263720641504,2000,2001,46
BEL,2003,0.169135533959,0.0680366188127,0.0548883625328,0.0250343383918,2001,2002,47
BEL,2004,0.367202232951,0.0994152732382,0.0572685119375,0.0203121029806,2002,2003,48
BEL,2005,0.240395549326,0.121570264983,0.0635936899174,0.0180276529335,2003,2004,49
BEL,2006,0.203161588948,0.128681610052,0.0671297271055,0.0175322563737,2004,2005,50
BEL,2007,-0.0586307840256,0.155075852894,0.0697970185142,0.0139755911645,2005,2006,51
BEL,2008,-0.579435599425,0.12074182916,0.0673272530807,0.01795491243,2006,2007,52
BEL,2009,0.52486212886,0.0829108747037,0.055124180392,0.0211403754072,2007,2008,53
BEL,2010,0.0891871169463,0.0898258297705,0.0638230312895,0.0216443745057,2008,2009,54
BEL,2011,-0.160464683871,0.160064661921,0.0642841964833,0.00952158104076,2009,2010,55
BEL,2012,0.35459926876,0.134815316081,0.0602708236198,0.010983585311,2010,2011,56
BEL,2013,0.174935343125,0.169279131434,0.0654344805521,0.00658599125655,2011,2012,57
BEL,2014,0.173551020247,0.19905374221,0.0673224264585,0.00124294128173,2012,2013,58
BEL,2015,0.0928014594426,0.207398111968,0.069122911099,-0.000694355931022,2013,2014,59
BEL,2016,-0.0411714351805,0.155293586065,0.0695175535714,0.00752868083885,2014,2015,60
BEL,2017,0.0193236563626,0.15361320589,0.0677029799853,0.005944577477,2015,2016,61
BEL,2018,-0.224617574784,0.144217474259,0.066922668314,0.00653563125667,2016,2017,62
BEL,2019,0.233399449028,0.118084608825,0.0622950454077,0.00894536804013,2017,2018,63
BEL,2020,-0.10692040614,0.110483404861,0.0649685517142,0.0118971519846,2018,2019,64
CHE,1985,0.559867788973,0.0388056680713,0.0560779524439,0.00996434074364,1983,1984,29
CHE,1986,0.0889304772152,0.072993540106,0.0728709469948,0.0107110738612,1984,1985,30
CHE,1987,-0.285167560241,0.0740256037099,0.0733889963568,0.00845405523596,1985,1986,31
CHE,1988,0.213535082102,0.050903426809,0.0621841039631,0.00860918309636,1986,1987,32
CHE,1989,0.188314993764,0.0626694693591,0.06677049724,0.0129298839045,1987,1988,33
CHE,1990,-0.234562031782,0.069215462525,0.0703453353731,0.0175096624759,1988,1989,34
CHE,1991,0.111729966186,0.0605385451155,0.0616336963115,0.0191832895576,1989,1990,35
CHE,1992,0.130581516207,0.061779168457,0.0630252593636,0.0186963883241,1990,1991,36
CHE,1993,0.45967122756,0.0609986240234,0.0648511041432,0.0123589307364,1991,1992,37
CHE,1994,-0.0839173386843,0.0768538694946,0.075241107391,0.0100214576026,1992,1993,38
CHE,1995,0.208705551097,0.068809104278,0.0711601215942,0.00341646024095,1993,1994,39
CHE,1996,0.173367013511,0.0798671680302,0.0745987573317,-0.00239821332845,1994,1995,40
CHE,1997,0.543874866172,0.0916306562356,0.0770077391898,-0.00782542247839,1995,1996,41
CHE,1998,0.153441397847,0.135609692243,0.0881236231655,-0.00335824018797,1996,1997,42
CHE,1999,0.107954949677,0.124297945895,0.0896426411814,0.00256759324569,1997,1998,43
CHE,2000,0.101900234403,0.108399642473,0.0900588300108,0.00964822598247,1998,1999,44
CHE,2001,-0.227918419472,0.105735628973,0.0903219723307,0.0108115925456,1999,2000,45
CHE,2002,-0.264233752227,0.0843604369332,0.0834037029437,0.0174075719505,2000,2001,46
CHE,2003,0.212921655233,0.0746504177888,0.0760071613443,0.0186599461429,2001,2002,47
CHE,2004,0.0604174257809,0.0854463060108,0.0788595466336,0.0142939020079,2002,2003,48
CHE,2005,0.340362671137,0.0956680351304,0.0784831768203,0.0083128970101,2003,2004,49
CHE,2006,0.193971717116,0.0992112014302,0.0837207667067,0.0101592293965,2004,2005,50
CHE,2007,-0.00782609081812,0.105474517751,0.085882550048,0.00837712016509,2005,2006,51
CHE,2008,-0.356101593162,0.0919355766132,0.0840804608006,0.0134701409,2006,2007,52
CHE,2009,0.237744243822,0.0700270095103,0.0757751390277,0.0204006566153,2007,2008,53
CHE,2010,0.0221583934125,0.0677474937193,0.0787745668943,0.0235302014288,2008,2009,54
CHE,2011,-0.0793130584942,0.0850779195435,0.0777451819219,0.0133873521159,2009,2010,55
CHE,2012,0.185440191657,0.0827170422074,0.0749405704859,0.0128879873796,2010,2011,56
CHE,2013,0.248694754934,0.0938674172788,0.076879160331,0.00777930478505,2011,2012,57
CHE,2014,0.130144708677,0.109147559442,0.079841498169,0.00207047139097,2012,2013,58
CHE,2015,0.0386087346539,0.111099584186,0.0806940949572,0.00151547358667,2013,2014,59
CHE,2016,-0.00357252843855,0.092486472931,0.0799926722855,0.00991458459948,2014,2015,60
CHE,2017,0.194135090238,0.0961872807239,0.0786227509622,0.00673743573096,2015,2016,61
CHE,2018,-0.0990179465175,0.0981453172036,0.0804858532086,0.00703379294925,2016,2017,62
CHE,2019,0.294325716415,0.0923541875334,0.0776365865462,0.00759235305379,2017,2018,63
CHE,2020,0.0476014449833,0.0918437104907,0.0810223542004,0.0103239359833,2018,2019,64
DEU,1985,0.6309220513,-0.00580061961537,0.0769469449527,0.0126596423027,1983,1984,29
DEU,1986,0.151792988966,0.0554793332813,0.0954127818309,0.0110428466526,1984,1985,30
DEU,1987,-0.336693180075,0.0681226649876,0.0972314981901,0.014129928223,1985,1986,31
DEU,1988,0.262906293063,0.0436922949522,0.0836713519943,0.0180048427923,1986,1987,32
DEU,1989,0.279278921221,0.0639122731607,0.0891027138449,0.022624816094,1987,1988,33
DEU,1990,-0.0942129487005,0.0761740396268,0.0946961317089,0.0243457745937,1988,1989,34
DEU,1991,0.0889585997777,0.0670922016693,0.0892987294115,0.0229363604108,1989,1990,35
DEU,1992,-0.0680077800131,0.0502951527467,0.0892892813661,0.0102132220266,1990,1991,36
DEU,1993,0.404455910806,0.0491404956466,0.0850380094369,0.0148172349129,1991,1992,37
DEU,1994,-0.0953601344348,0.0684102042239,0.0934437436835,0.0147084692078,1992,1993,38
DEU,1995,0.0505891700813,0.0482075349306,0.0886026186035,0.00592639289815,1993,1994,39
DEU,1996,0.203513122746,0.0479592449439,0.0876522823905,0.00560963857614,1994,1995,40
DEU,1997,0.387192659155,0.0706292940944,0.0904781565455,0.0166382221387,1995,1996,41
DEU,1998,0.148631814669,0.0770962119791,0.09754278756,0.00909108504582,1996,1997,42
DEU,1999,0.307874702104,0.0811968737123,0.0987309044695,0.00950312220265,1997,1998,43
DEU,2000,-0.1115865499,0.0955115352058,0.103484172598,0.0161051718458,1998,1999,44
DEU,2001,-0.194444817611,0.0877343449574,0.0987048232087,0.0154011945507,1999,2000,45
DEU,2002,-0.407139605941,0.0802823574811,0.09233200493,0.0183306795374,2000,2001,46
DEU,2003,0.360883509656,0.0666138197914,0.0817049493796,0.0191857965957,2001,2002,47
DEU,2004,0.0660057229214,0.0714292562492,0.0875211693853,0.0156723386185,2002,2003,48
DEU,2005,0.257755370408,0.0670793251022,0.0870820786412,0.0114778705826,2003,2004,49
DEU,2006,0.219113249599,0.0726485187548,0.0904955444765,0.00964484635435,2004,2005,50
DEU,2007,0.177278855245,0.0750900931172,0.0930174602632,0.00495024788899,2005,2006,51
DEU,2008,-0.441128289337,0.0822284148839,0.0946378717052,0.00906266617605,2006,2007,52
DEU,2009,0.250960504862,0.0683891816565,0.0845290762138,0.0142833828931,2007,2008,53
DEU,2010,0.171470018847,0.0763456498712,0.0876111397073,0.017345645827,2008,2009,54
DEU,2011,-0.168794016279,0.0679887168388,0.0891358466008,0.0051955101768,2009,2010,55
DEU,2012,0.265413606759,0.0664857162219,0.0845299561922,0.0125009956047,2010,2011,56
DEU,2013,0.247523687501,0.0730097503839,0.0877033535706,0.0135217422148,2011,2012,57
DEU,2014,0.0230748643703,0.073540636432,0.0904588765694,0.00895716042555,2012,2013,58
DEU,2015,0.105781210247,0.0700113086056,0.0893167746677,0.00679548267342,2013,2014,59
DEU,2016,0.0528508224907,0.0832740177337,0.0895911819273,0.0205011247749,2014,2015,60
DEU,2017,0.144222227702,0.07603012592,0.088988880953,0.0129795118382,2015,2016,61
DEU,2018,-0.184284136529,0.0737521112578,0.0898797413844,0.00839859249311,2016,2017,62
DEU,2019,0.211307376805,0.0705718709444,0.0855279337985,0.0125064004112,2017,2018,63
DEU,2020,0.0719152637844,0.0750329493175,0.0874932375955,0.0137661253436,2018,2019,64
DNK,1985,0.018629844754,0.178738160757,0.0932727916005,0.0149331310494,1983,1984,29
DNK,1986,-0.00866794040702,0.152536316804,0.0907846933723,0.0171927332446,1984,1985,30
DNK,1987,-0.171767594035,0.0874718706278,0.0875765438955,0.0268471404665,1985,1986,31
DNK,1988,0.103836879705,0.0280934647446,0.0794720395852,0.0357350139773,1986,1987,32
DNK,1989,0.353960893178,0.0651952017406,0.0802103680737,0.029785185688,1987,1988,33
DNK,1990,0.0845820031626,0.0902484648389,0.0882618541062,0.0268095280329,1988,1989,34
DNK,1991,0.0683527667583,0.135747961589,0.0881567155078,0.0183298926627,1989,1990,35
DNK,1992,-0.0884591557097,0.165657278287,0.0876066058203,0.0119992026231,1990,1991,36
DNK,1993,0.0207227387483,0.166197292189,0.0828480717249,0.00712868154035,1991,1992,37
DNK,1994,0.182181701176,0.139599858645,0.0812131945413,0.0100720049935,1992,1993,38
DNK,1995,-0.00863277295559,0.154665505688,0.0838021306088,0.00699208147154,1993,1994,39
DNK,1996,0.292148741185,0.108218911211,0.0814912580197,0.0167955463315,1994,1995,40
DNK,1997,0.409705046303,0.104722441823,0.086629245414,0.0197701968196,1995,1996,41
DNK,1998,-0.0514861688614,0.104174793464,0.0943215263876,0.0222242017365,1996,1997,42
DNK,1999,0.207709521536,0.0918508376533,0.0909306497539,0.0245021189603,1997,1998,43
DNK,2000,0.13875922603,0.0776346603272,0.0935847150216,0.0290080216617,1998,1999,44
DNK,2001,-0.148355636161,0.100747021169,0.094588593044,0.023168324944,1999,2000,45
DNK,2002,-0.220769337984,0.0904582563255,0.089307196757,0.0244824185823,2000,2001,46
DNK,2003,0.304711362013,0.0975956832059,0.0827098236774,0.0206468496772,2001,2002,47
DNK,2004,0.229428722802,0.122664226578,0.087334855726,0.0153007415164,2002,2003,48
DNK,2005,0.40794278873,0.140646169194,0.0902347305643,0.0117442043219,2003,2004,49
DNK,2006,0.201792232423,0.15655857962,0.0965888917276,0.01116342674,2004,2005,50
DNK,2007,0.0538889959888,0.169004424714,0.0986517023295,0.00898757649538,2005,2006,51
DNK,2008,-0.497823329355,0.138933715122,0.0977908810537,0.0143365367639,2006,2007,52
DNK,2009,0.340757529801,0.109786503295,0.0865528770837,0.0166473836214,2007,2008,53
DNK,2010,0.298241616709,0.12410039769,0.0912603706526,0.0143890147995,2008,2009,54
DNK,2011,-0.184850144158,0.194059646746,0.0950236660354,-0.00213639467217,2009,2010,55
DNK,2012,0.237286144403,0.15638780856,0.0900259194248,-0.00423488258695,2010,2011,56
DNK,2013,0.299686544525,0.177383417611,0.0926094321437,-0.0084893665813,2011,2012,57
DNK,2014,0.193481707526,0.201949179397,0.0961797271848,-0.0112210727123,2012,2013,58
DNK,2015,0.336844534166,0.190621447351,0.0978289132923,-0.00800154484708,2013,2014,59
DNK,2016,-0.0607596722207,0.151458181883,0.101812506973,0.00691627104576,2014,2015,60
DNK,2017,0.174773009073,0.139314083626,0.0991473892818,0.00838078925489,2015,2016,61
DNK,2018,-0.085983792605,0.130227377719,0.100367157343,0.0114078574041,2016,2017,62
DNK,2019,0.287725941569,0.111176384105,0.0974092057565,0.0158350969185,2017,2018,63
DNK,2020,0.301359305181,0.108483799366,0.100382904754,0.0176110365511,2018,2019,64
ESP,1985,0.235727472913,0.102670811839,0.0122557832431,0.00971838752627,1983,1984,29
ESP,1986,0.960185044375,0.12599935742,0.0197048395654,0.00912044089657,1984,1985,30
ESP,1987,0.405532685229,0.241858041113,0.0500429106883,0.00967852014576,1985,1986,31
ESP,1988,0.0910580875103,0.207089896841,0.0611519661427,0.0186859207807,1986,1987,32
ESP,1989,0.0546666404607,0.132974642229,0.0620582122447,0.0298709360023,1987,1988,33
ESP,1990,-0.173522495025,0.0746923863544,0.0618408130746,0.0393896858145,1988,1989,34
ESP,1991,-0.00494946552504,0.00040339196604,0.0551161471289,0.0510613776857,1989,1990,35
ESP,1992,-0.132240600119,-0.0228619198998,0.0534476578885,0.055073078879,1990,1991,36
ESP,1993,0.492799838333,-0.0191824246871,0.0484290563207,0.0537013388344,1991,1992,37
ESP,1994,-0.132904021582,0.0615810479524,0.0601230242684,0.0422027302695,1992,1993,38
ESP,1995,0.105314413659,0.147325333145,0.0551736128364,0.0254596101911,1993,1994,39
ESP,1996,0.379912902583,0.187520040319,0.0564271328569,0.017613674221,1994,1995,40
ESP,1997,0.427208862359,0.215429888392,0.0643170296795,0.0149123559693,1995,1996,41
ESP,1998,0.370836739491,0.239495754409,0.07295731141,0.0133773011635,1996,1997,42
ESP,1999,0.170821368602,0.219542605009,0.07988473997,0.018003639987,1997,1998,43
ESP,2000,-0.134167000197,0.136288586049,0.0819514815299,0.0309521401701,1998,1999,44
ESP,2001,-0.0697679030777,0.103929881539,0.0771488486026,0.035077458548,1999,2000,45
ESP,2002,-0.228599884031,0.0814650449179,0.0739550061748,0.0381376919047,2000,2001,46
ESP,2003,0.29055338491,0.061317378339,0.0675176680853,0.0403847974944,2001,2002,47
ESP,2004,0.194518799296,0.0932891382353,0.0721642455191,0.0358567634807,2002,2003,48
ESP,2005,0.216844442301,0.133565029181,0.0746612772289,0.0295271297439,2003,2004,49
ESP,2006,0.357744234952,0.169272831801,0.0775049405303,0.0240013821096,2004,2005,50
ESP,2007,0.0620166464894,0.213563821873,0.0829998286562,0.01790852755,2005,2006,51
ESP,2008,-0.394159668866,0.218197443895,0.0825963059222,0.0160338228554,2006,2007,52
ESP,2009,0.359955893378,0.184705385964,0.0736009101715,0.0169387623925,2007,2008,53
ESP,2010,-0.161780068905,0.212383992212,0.0789037802309,0.0132566620089,2008,2009,54
ESP,2011,-0.115963813563,0.255682253158,0.0745277102466,0.000871769942285,2009,2010,55
ESP,2012,0.0250426512237,0.242035387546,0.0711260758928,-0.00311152985479,2010,2011,56
ESP,2013,0.280761422704,0.250515509812,0.0703175947583,-0.0102437951518,2011,2012,57
ESP,2014,0.0924928729791,0.291213579953,0.0739459366194,-0.0196851005249,2012,2013,58
ESP,2015,-0.0271217153392,0.269016533925,0.074260291473,-0.0205861704911,2013,2014,59
ESP,2016,0.0247760815554,0.19662945332,0.0725705913594,-0.00799212127116,2014,2015,60
ESP,2017,0.0761504951116,0.160838313914,0.0717870748053,0.000545349538675,2015,2016,61
ESP,2018,-0.123483687173,0.134931112507,0.0718574525522,0.00864909368521,2016,2017,62
ESP,2019,0.154227627201,0.0957403722779,0.0687567995407,0.0209034412399,2017,2018,63
ESP,2020,-0.0951789567635,0.0806331055178,0.0700922812228,0.0272972804535,2018,2019,64
FIN,1985,0.0967842532368,0.074507180555,0.0669017633424,0.0355802270444,1983,1984,29
FIN,1986,0.609968978089,0.12759357116,0.0678978463389,0.0272630665239,1984,1985,30
FIN,1987,0.259600594932,0.182587915848,0.0853840118792,0.0231956712298,1985,1986,31
FIN,1988,0.282604003369,0.178459644049,0.0908282800996,0.0244403866309,1986,1987,32
FIN,1989,-0.207471925835,0.166997813903,0.0966396656532,0.0266804012991,1987,1988,33
FIN,1990,-0.345537213602,0.114451780397,0.0876952070801,0.0316511887685,1988,1989,34
FIN,1991,-0.229311530866,0.0615045952297,0.0753171379177,0.0373532609807,1989,1990,35
FIN,1992,0.0526693579212,0.101083620302,0.0668552304515,0.0303830141773,1990,1991,36
FIN,1993,0.888941991776,0.22164685111,0.0664718284912,0.012484157684,1991,1992,37
FIN,1994,0.164358659519,0.454676442082,0.0881157801566,-0.00322069977928,1992,1993,38
FIN,1995,-0.0725975135231,0.479137047706,0.0900707257813,-0.0146588587029,1993,1994,39
FIN,1996,0.499200945734,0.347099235892,0.0860040197987,-0.0186384141328,1994,1995,40
FIN,1997,0.33532471877,0.338590129201,0.096081993602,-0.0107760380536,1995,1996,41
FIN,1998,0.697631193209,0.223611450294,0.101778248963,0.0090775560383,1996,1997,42
FIN,1999,1.63582943694,0.119476002897,0.115635294178,0.0291226832562,1997,1998,43
FIN,2000,-0.118939497089,0.0732469273501,0.150185161059,0.0414408955525,1998,1999,44
FIN,2001,-0.324260700563,0.0608690577964,0.1442046131,0.0423724178736,1999,2000,45
FIN,2002,-0.341411013254,0.0268499487656,0.134020584542,0.0454264487188,2000,2001,46
FIN,2003,0.0712170660415,0.0313914424728,0.123905018632,0.0429847832755,2001,2002,47
FIN,2004,0.0741496652049,0.0968719747424,0.122807352953,0.0343146503281,2002,2003,48
FIN,2005,0.34166223003,0.140591594894,0.121814338917,0.0283529103305,2003,2004,49
FIN,2006,0.202935971541,0.141174069902,0.12621129674,0.0288262422793,2004,2005,50
FIN,2007,0.230928606675,0.177315154895,0.127715702128,0.0241448952312,2005,2006,51
FIN,2008,-0.531417567559,0.145750896013,0.129700565677,0.0285224900095,2006,2007,52
FIN,2009,0.241831613291,0.0795742014731,0.117226638635,0.0357272387,2007,2008,53
FIN,2010,0.214049294057,0.107113811549,0.119534138165,0.0324169507535,2008,2009,54
FIN,2011,-0.293690785194,0.301077769333,0.121252595545,0.00616371842086,2009,2010,55
FIN,2012,0.106061428066,0.261087877199,0.113842892318,0.00712141852495,2010,2011,56
FIN,2013,0.293769370921,0.278623108136,0.113706375401,0.00295907394094,2011,2012,57
FIN,2014,0.0941925344784,0.364635673813,0.116810909806,-0.0108888586679,2012,2013,58
FIN,2015,0.150429616681,0.353029564563,0.116427547513,-0.0139477429523,2013,2014,59
FIN,2016,0.102212393551,0.247997086623,0.116994248666,0.00238273432955,2014,2015,60
FIN,2017,0.100657409418,0.270633734576,0.116751923172,-0.0036370610425,2015,2016,61
FIN,2018,-0.0365588008214,0.256602030232,0.11649233424,-0.00284933846381,2016,2017,62
FIN,2019,0.191062953393,0.199688091171,0.114062951144,0.00665030682851,2017,2018,63
FIN,2020,0.176689953047,0.179283422849,0.115266076179,0.0113573129084,2018,2019,64
FRA,1985,0.295515147245,0.0840477717181,-0.0222306799047,0.0137312917114,1983,1984,29
FRA,1986,0.348187509802,0.151262264133,-0.011639152333,0.0100137405315,1984,1985,30
FRA,1987,-0.261863258097,0.191736032773,-3.18406512431e-05,0.0101417012025,1985,1986,31
FRA,1988,0.58080535696,0.0980892517095,-0.00821407244642,0.013040032986,1986,1987,32
FRA,1989,0.264379228878,0.155876267392,0.00963500117194,0.0132106012461,1987,1988,33
FRA,1990,-0.243789950358,0.117384761368,0.0171274784574,0.0194872361299,1988,1989,34
FRA,1991,0.129979166775,0.0653319791804,0.00967269477696,0.023777441377,1989,1990,35
FRA,1992,0.0234129126544,0.0528498470424,0.0130145412214,0.0258843317074,1990,1991,36
FRA,1993,0.336288468633,0.0736901230325,0.0132955782871,0.0228222542806,1991,1992,37
FRA,1994,-0.157081725034,0.102223870397,0.021795391191,0.0204559283654,1992,1993,38
FRA,1995,0.000940891200577,0.161858086826,0.0172087984673,0.0102289409742,1993,1994,39
FRA,1996,0.280562014082,0.16184420531,0.0168021007856,0.00772381345301,1994,1995,40
FRA,1997,0.262479728976,0.180412227348,0.0232352694026,0.00687435791135,1995,1996,41
FRA,1998,0.30447254571,0.18630664333,0.0289315660591,0.00722147746422,1996,1997,42
FRA,1999,0.547964183825,0.184293996393,0.0353394958184,0.00891073198822,1997,1998,43
FRA,2000,-0.0112352378105,0.141325146829,0.0469900569095,0.0171452172241,1998,1999,44
FRA,2001,-0.205373951593,0.118496137594,0.0456961614713,0.0191971726636,1999,2000,45
FRA,2002,-0.306073816618,0.0836259670819,0.0402381155351,0.0223084657253,2000,2001,46
FRA,2003,0.187313159728,0.0638415455152,0.0328697765531,0.0236176211876,2001,2002,47
FRA,2004,0.106280758649,0.0881393748163,0.0360873470359,0.0208267381864,2002,2003,48
FRA,2005,0.26229329991,0.12829222503,0.0375198656402,0.0156784046306,2003,2004,49
FRA,2006,0.205417124591,0.146682127614,0.0420153343256,0.0139876742793,2004,2005,50
FRA,2007,0.0155182751054,0.179675193833,0.0452192909975,0.0101689637573,2005,2006,51
FRA,2008,-0.42509670959,0.162313864115,0.044648117615,0.0113025783461,2006,2007,52
FRA,2009,0.289190146202,0.117947711125,0.0357850076677,0.0139186998568,2007,2008,53
FRA,2010,0.0261801898901,0.137871405848,0.0404776954183,0.0119143454815,2008,2009,54
FRA,2011,-0.151800564865,0.209682676634,0.0402177407724,0.000479006718823,2009,2010,55
FRA,2012,0.180615465172,0.180343020401,0.0367888424574,0.000256062011882,2010,2011,56
FRA,2013,0.21170730159,0.181792520196,0.0393121165401,5.90427517994e-06,2011,2012,57
FRA,2014,0.0218952371807,0.204180347214,0.0422844473168,-0.00348380088727,2012,2013,58
FRA,2015,0.119026206198,0.180765775711,0.041938867484,-0.00196688293479,2013,2014,59
FRA,2016,0.0874064058462,0.132469014652,0.0432236564626,0.00647057372156,2014,2015,60
FRA,2017,0.172991416023,0.135654851374,0.0439479638295,0.0055033415247,2015,2016,61
FRA,2018,-0.0913180250178,0.146811560617,0.0460293098327,0.0036466923294,2016,2017,62
FRA,2019,0.269629260537,0.114317354067,0.0438491934065,0.00819193903873,2017,2018,63
FRA,2020,-0.0131025547049,0.104993797381,0.0473770069554,0.0110215681579,2018,2019,64
GBR,1985,0.145005342695,0.0740770667797,0.100607090793,0.00883289978952,1983,1984,29
GBR,1986,0.231224360591,0.0869962041463,0.102087032523,0.00825863319752,1984,1985,30
GBR,1987,0.0527680236973,0.107077730802,0.106252752783,0.0183822243922,1985,1986,31
GBR,1988,0.074448930105,0.101014970953,0.104581354999,0.0294984421839,1986,1987,32
GBR,1989,0.287260164662,0.0948312277222,0.103668251214,0.0350992706244,1987,1988,33
GBR,1990,-0.15502528641,0.134118724697,0.109068013375,0.0374547893232,1988,1989,34
GBR,1991,0.123429897782,0.0792646486791,0.101522490524,0.0365022159812,1989,1990,35
GBR,1992,0.149884421489,0.0928790005223,0.102131029614,0.0301169013488,1990,1991,36
GBR,1993,0.244292551192,0.106350287813,0.103421661827,0.0184806168583,1991,1992,37
GBR,1994,-0.0777432338099,0.120714887775,0.107128790495,0.00943548651049,1992,1993,38
GBR,1995,0.198375714568,0.10093962275,0.102388482179,0.0042871035684,1993,1994,39
GBR,1996,0.130952964203,0.112641813953,0.104788162989,0.0084372721334,1994,1995,40
GBR,1997,0.213529021084,0.110475740408,0.105426328872,0.0136873671494,1995,1996,41
GBR,1998,0.119307543707,0.10626113159,0.108000202496,0.0223594486262,1996,1997,42
GBR,1999,0.221756624134,0.0946178739995,0.10826316392,0.0344976289217,1997,1998,43
GBR,2000,-0.066835208201,0.10523856314,0.110842560743,0.0368654427643,1998,1999,44
GBR,2001,-0.142772236718,0.0905126194086,0.106894165877,0.0343754860969,1999,2000,45
GBR,2002,-0.232267687392,0.0684319562776,0.101466635386,0.0365772622992,2000,2001,46
GBR,2003,0.18561407753,0.0436765784038,0.0943659051142,0.0363174103678,2001,2002,47
GBR,2004,0.111023259463,0.0774369859202,0.0962669087062,0.0285868086947,2002,2003,48
GBR,2005,0.191918999456,0.0770796923093,0.0965680587216,0.0290716838856,2003,2004,49
GBR,2006,0.137819921053,0.0827766521849,0.0984750775363,0.028317213722,2004,2005,50
GBR,2007,0.0269604517833,0.0930110954326,0.0992465450562,0.0249925200622,2005,2006,51
GBR,2008,-0.321934046443,0.094212536338,0.0978564278779,0.0240219338379,2006,2007,52
GBR,2009,0.262189109497,0.08106462008,0.0899358528907,0.0258390424128,2007,2008,53
GBR,2010,0.105130209713,0.11184508602,0.0931257280131,0.0156628125286,2008,2009,54
GBR,2011,-0.0755377768526,0.148802391512,0.0933439913167,0.00156371979916,2009,2010,55
GBR,2012,0.0906108449223,0.12465260004,0.0903282454565,-0.00027966342218,2010,2011,56
GBR,2013,0.175239650488,0.123695858051,0.0903332033419,-0.00262888684314,2011,2012,57
GBR,2014,-0.0026177932778,0.137095318052,0.091797107603,-0.00690892799279,2012,2013,58
GBR,2015,0.0105933883517,0.110821967513,0.0901968550457,-0.000636977696591,2013,2014,59
GBR,2016,0.146536686817,0.093748846949,0.0888701306008,0.0128205422903,2014,2015,60
GBR,2017,0.110710805788,0.0946241957648,0.0898154839814,0.0134826495294,2015,2016,61
GBR,2018,-0.117560975435,0.0948737776322,0.0901525053009,0.0136579326521,2016,2017,62
GBR,2019,0.162868366377,0.0897501110015,0.0868554659241,0.0144108829189,2017,2018,63
GBR,2020,-0.102477704215,0.0922596670299,0.0880431674937,0.0126105668261,2018,2019,64
ITA,1985,0.830791668066,0.0427565274193,0.0057223409214,0.0216095068956,1983,1984,29
ITA,1986,0.638218769472,0.197319685334,0.0332246518262,0.0169958675095,1984,1985,30
ITA,1987,-0.317299774123,0.282122236909,0.0527405911051,0.0162172140384,1985,1986,31
ITA,1988,0.217585474017,0.165319873941,0.0411768296917,0.0204938022661,1986,1987,32
ITA,1989,0.0591552880879,0.139775736476,0.0465225461864,0.0262063953951,1987,1988,33
ITA,1990,-0.323985680461,0.102065197897,0.0468940974188,0.0323078665221,1988,1989,34
ITA,1991,-0.0123120589516,0.0828394108602,0.0362975323366,0.0324803150922,1989,1990,35
ITA,1992,-0.0660377326809,0.0860400675249,0.0349472659119,0.0309111294824,1990,1991,36
ITA,1993,0.449124488395,0.0907629353552,0.0322179416256,0.0282676035564,1991,1992,37
ITA,1994,0.0523281894759,0.136116608707,0.0431891665406,0.022702550316,1992,1993,38
ITA,1995,-0.0525085805239,0.1807832404,0.043423500462,0.0120552353108,1993,1994,39
ITA,1996,0.0380345429368,0.163918433893,0.0410251984374,0.00938483299453,1994,1995,40
ITA,1997,0.568185991126,0.14364157108,0.0409522556203,0.0108390428359,1995,1996,41
ITA,1998,0.4229506393,0.191589365298,0.053505439799,0.00965507527856,1996,1997,42
ITA,1999,0.210561113094,0.200184267105,0.0620971886246,0.012221888945,1997,1998,43
ITA,2000,0.0611980958884,0.174162415414,0.0654713687262,0.0172489316336,1998,1999,44
ITA,2001,-0.23943068003,0.174763776082,0.0653764071075,0.015935442212,1999,2000,45
ITA,2002,-0.206380737017,0.145433962905,0.0587501660828,0.017333774941,2000,2001,46
ITA,2003,0.140088935759,0.12295891646,0.0531090830381,0.0186738015332,2001,2002,47
ITA,2004,0.235898103426,0.135847839395,0.0549211633031,0.015625771655,2002,2003,48
ITA,2005,0.182866910933,0.155846803866,0.0586145702444,0.0119739858685,2003,2004,49
ITA,2006,0.195663003263,0.159253155711,0.0610996170582,0.0115279641537,2004,2005,50
ITA,2007,-0.0609656494578,0.186740888569,0.0637381148269,0.00550747983273,2005,2006,51
ITA,2008,-0.486340117495,0.167729210105,0.0613399655137,0.00588103625323,2006,2007,52
ITA,2009,0.216337478492,0.120384335634,0.0510063790419,0.00764198324066,2007,2008,53
ITA,2010,-0.0893400002498,0.133997714183,0.0540680660687,0.00473006390198,2008,2009,54
ITA,2011,-0.235626908842,0.156592417393,0.0514606466811,-0.00989584154333,2009,2010,55
ITA,2012,0.0944005120813,0.111972892213,0.0463340831896,-0.00804500749134,2010,2011,56
ITA,2013,0.213328528235,0.115563340393,0.0471773538719,-0.0112373054306,2011,2012,57
ITA,2014,0.0322489087848,0.139998783631,0.050042029292,-0.0198240700638,2012,2013,58
ITA,2015,0.174662699483,0.128527176862,0.0497404509783,-0.0202259789779,2013,2014,59
ITA,2016,-0.0458228747096,0.113049420956,0.0518224884534,-0.00810611689625,2014,2015,60
ITA,2017,0.164461930793,0.104668869137,0.050221744795,-0.00900892810444,2015,2016,61
ITA,2018,-0.134946223239,0.104139552453,0.0520643284401,-0.00635361033467,2016,2017,62
ITA,2019,0.273625306415,0.078849834544,0.0490959069849,0.00383893182637,2017,2018,63
ITA,2020,-0.0404049014961,0.075530424882,0.052604178851,0.0104789634083,2018,2019,64
JPN,1985,0.191871056378,0.102921511835,0.111730722796,0.0259805783117,1983,1984,29
JPN,1986,0.308525480839,0.112312300086,0.114402067249,0.0233393963436,1984,1985,30
JPN,1987,0.473599296494,0.131858201601,0.120664112848,0.0268688937643,1985,1986,31
JPN,1988,0.0885420532066,0.161159582568,0.131693337337,0.0265429540544,1986,1987,32
JPN,1989,0.180795399685,0.153544093959,0.130385722667,0.0291225895516,1987,1988,33
JPN,1990,-0.157797622004,0.149157089607,0.131868360226,0.0373352429367,1988,1989,34
JPN,1991,-0.182085779507,0.133427209853,0.123592189305,0.0396456626269,1989,1990,35
JPN,1992,-0.273161525485,0.119701655772,0.115101134616,0.0415150367171,1990,1991,36
JPN,1993,0.114864725574,0.104815805102,0.104607549208,0.0429353935038,1991,1992,37
JPN,1994,0.0584538438748,0.105288920201,0.104877474902,0.0364849507272,1992,1993,38
JPN,1995,-0.13601255335,0.103129340351,0.103687125388,0.0247319988084,1993,1994,39
JPN,1996,0.168712996587,0.0863678224995,0.0976946334196,0.0171713413544,1994,1995,40
JPN,1997,-0.143128754368,0.0914093252277,0.0994267886188,0.0112673956373,1995,1996,41
JPN,1998,-0.154358581131,0.0713477759199,0.093651656643,0.0100929726922,1996,1997,42
JPN,1999,0.208472548614,0.0547931162732,0.0878839766947,0.0118271964508,1997,1998,43
JPN,2000,0.128803237029,0.0628493858731,0.0906246260565,0.00747900617947,1998,1999,44
JPN,2001,-0.212066495442,0.0666414439996,0.0914730396337,0.00540358405603,1999,2000,45
JPN,2002,-0.160663384735,0.0467019617497,0.0848743540886,0.00605785726243,2000,2001,46
JPN,2003,-0.0430473278919,0.0279066225096,0.0796501468796,0.00153433693498,2001,2002,47
JPN,2004,0.253029722899,0.0199308691113,0.0770939494885,-0.000977670079724,2002,2003,48
JPN,2005,0.157174475613,0.0435400390747,0.0806844754765,0.00664414989331,2003,2004,49
JPN,2006,0.268493439212,0.0539699466831,0.0822142754792,0.0119743939457,2004,2005,50
JPN,2007,0.026217821853,0.0623040891381,0.0858668081014,0.0104625693692,2005,2006,51
JPN,2008,-0.283388923592,0.0629125314979,0.084719712212,0.0136539093282,2006,2007,52
JPN,2009,-0.239662122648,0.0535017697414,0.0777742662534,0.0178094813238,2007,2008,53
JPN,2010,0.0453010845862,0.038601947636,0.0718958146071,0.0125648783077,2008,2009,54
JPN,2011,-0.0456420968966,0.0224379283188,0.0714122740613,-0.00319366024827,2009,2010,55
JPN,2012,-0.0431063589667,0.025737907935,0.069322017437,0.00331404038984,2010,2011,56
JPN,2013,0.715796487222,0.0181667639032,0.0673495897808,-0.000630965101469,2011,2012,57
JPN,2014,0.0741915487592,0.0507040204306,0.0785297087022,-0.00171827157013,2012,2013,58
JPN,2015,0.102919534934,0.0558348264367,0.0784561805676,0.00471365140846,2013,2014,59
JPN,2016,0.0063472588344,0.0649526543825,0.0788639031404,0.0170126921735,2014,2015,60
JPN,2017,0.213499621101,0.0598864363944,0.0776751056927,0.0111903705325,2015,2016,61
JPN,2018,-0.160007983471,0.065492273532,0.0798658236832,0.0133473092991,2016,2017,62
JPN,2019,0.179279935016,0.0599092027901,0.0760583029347,0.0138465451307,2017,2018,63
JPN,2020,0.0785911606182,0.0612152562039,0.077671140936,0.0110077135777,2018,2019,64
NLD,1985,0.302035113056,0.207942640354,0.0698864899607,0.000819985336634,1983,1984,29
NLD,1986,0.0939204213038,0.214611119402,0.0776247773972,0.00342348814204,1984,1985,30
NLD,1987,-0.173043356842,0.175563539001,0.0781504433297,0.0077457530549,1985,1986,31
NLD,1988,0.342232100557,0.115657127606,0.0703006370743,0.0146031549939,1986,1987,32
NLD,1989,0.261314400379,0.110125196127,0.0785409844526,0.0194573531739,1987,1988,33
NLD,1990,-0.152098490146,0.111161581107,0.0839166731563,0.0206733307681,1988,1989,34
NLD,1991,0.151211329833,0.092787651861,0.0771733827763,0.0230173660202,1989,1990,35
NLD,1992,0.0459380050279,0.0882264260437,0.0792299924167,0.0246547045913,1990,1991,36
NLD,1993,0.435375033532,0.0911607561076,0.0783302089738,0.0235878851256,1991,1992,37
NLD,1994,-0.00502110101354,0.099106717915,0.0877261254095,0.0240155077121,1992,1993,38
NLD,1995,0.175541501138,0.107292779056,0.0853479913987,0.0212672506777,1993,1994,39
NLD,1996,0.374732718672,0.123958275034,0.0876028291421,0.0176654042631,1994,1995,40
NLD,1997,0.422600322321,0.140241192126,0.0946059971795,0.0160952216601,1995,1996,41
NLD,1998,0.201442885713,0.139093076305,0.102415385873,0.0186652137305,1996,1997,42
NLD,1999,0.280420655355,0.11343663154,0.104718350986,0.0242266429825,1997,1998,43
NLD,2000,-0.0437376466192,0.0899192623648,0.108711585176,0.0296845220918,1998,1999,44
NLD,2001,-0.231471150129,0.0686635043021,0.105323824469,0.0332135044864,1999,2000,45
NLD,2002,-0.353162956857,0.052941980436,0.0980021945869,0.0344624027895,2000,2001,46
NLD,2003,0.0681293557884,0.06131766302,0.0884029360456,0.0308949726176,2001,2002,47
NLD,2004,0.0823828731735,0.113298920834,0.0879805697902,0.0222041802932,2002,2003,48
NLD,2005,0.284035280703,0.153107404904,0.0878663310837,0.0153840838634,2003,2004,49
NLD,2006,0.181843533714,0.183322175014,0.0917897100761,0.0112897457511,2004,2005,50
NLD,2007,0.0647550999412,0.199991626942,0.0935554713239,0.00857068332707,2005,2006,51
NLD,2008,-0.505564590127,0.167873816228,0.0930016180281,0.0126716614173,2006,2007,52
NLD,2009,0.431434220955,0.100559629884,0.0817079159874,0.0212040454085,2007,2008,53
NLD,2010,0.0824907170134,0.0923457035972,0.0881843290424,0.0243382847481,2008,2009,54
NLD,2011,-0.114707578374,0.152240959049,0.0880808088237,0.0118551437159,2009,2010,55
NLD,2012,0.0949054699817,0.14885652008,0.0844595876237,0.0100818821371,2010,2011,56
NLD,2013,0.155928325809,0.164582435753,0.0846428487177,0.00577295235328,2011,2012,57
NLD,2014,0.0927479353529,0.207327749875,0.0858719086676,-0.00451699313451,2012,2013,58
NLD,2015,0.0787643060262,0.208784324246,0.0859884514927,-0.00819028441802,2013,2014,59
NLD,2016,0.0763159701468,0.156955760779,0.0858680490683,0.00246537266341,2014,2015,60
NLD,2017,0.148287626495,0.148571431899,0.0857114576106,0.00360525596937,2015,2016,61
NLD,2018,-0.106869237342,0.14441805081,0.0867207506571,0.00488221778214,2016,2017,62
NLD,2019,0.299120784803,0.111835430297,0.0836478937047,0.012450045625,2017,2018,63
NLD,2020,0.150454082094,0.103178668507,0.0870146576281,0.0168597927392,2018,2019,64
NOR,1985,0.285095501569,0.0534552588944,0.0308593750623,0.0246971967902,1983,1984,29
NOR,1986,-0.128834806992,0.0639673574767,0.0393339126125,0.0275973754046,1984,1985,30
NOR,1987,-0.179801411264,0.05089088475,0.0339091152059,0.0281366655231,1985,1986,31
NOR,1988,0.253583898326,0.0264677388965,0.0272306612537,0.0334513172989,1986,1987,32
NOR,1989,0.528190784568,0.0250789017951,0.0340898502559,0.0370224471963,1987,1988,33
NOR,1990,-0.114424029281,0.0519543121112,0.0486222306768,0.0292365473101,1988,1989,34
NOR,1991,-0.146287665782,0.0485007339503,0.0439637661066,0.0191632743214,1989,1990,35
NOR,1992,-0.0695365747101,0.00953741876491,0.0386790041097,0.0128998182512,1990,1991,36
NOR,1993,0.558237098138,-0.0112462582505,0.0357542587362,0.0116828404371,1991,1992,37
NOR,1994,0.0986979067754,0.0966965279698,0.0495038071415,0.0143581559872,1992,1993,38
NOR,1995,0.13998539931,0.0817402924417,0.0507651943116,0.0199195234365,1993,1994,39
NOR,1996,0.317826916456,0.0625523819593,0.0529956994366,0.027738073872,1994,1995,40
NOR,1997,0.333366717987,0.0569280061625,0.0594549974126,0.0316412445237,1995,1996,41
NOR,1998,-0.286651565464,0.0511978932901,0.0659767050454,0.0355109353776,1996,1997,42
NOR,1999,0.442980197596,0.026688550018,0.0577760475917,0.0392680419442,1997,1998,43
NOR,2000,0.0115172905544,0.0465411838396,0.0665306873645,0.039023436855,1998,1999,44
NOR,2001,-0.171135916294,0.0616975102427,0.0653081674354,0.0327231313892,1999,2000,45
NOR,2002,-0.319626742037,0.0623457488805,0.0601680786587,0.0305962481903,2000,2001,46
NOR,2003,0.448138567051,0.0704836219175,0.0520873377928,0.0244267950905,2001,2002,47
NOR,2004,0.378040139018,0.110777680525,0.060338405069,0.0169619550129,2002,2003,48
NOR,2005,0.383713053752,0.147468550839,0.0668221139251,0.013930874258,2003,2004,49
NOR,2006,0.294169190307,0.145814251053,0.0731599327216,0.0182973976837,2004,2005,50
NOR,2007,0.106544101912,0.160073062349,0.0774934475762,0.017481388793,2005,2006,51
NOR,2008,-0.557288143223,0.149476509095,0.0780521140058,0.0186454040294,2006,2007,52
NOR,2009,0.612869550036,0.102510649738,0.0660645619826,0.021108754706,2007,2008,53
NOR,2010,0.155745321632,0.131009756369,0.0761905802799,0.0193452625756,2008,2009,54
NOR,2011,-0.135799530393,0.191598271397,0.0776370301227,0.00821068860433,2009,2010,55
NOR,2012,0.145506188693,0.167337206118,0.0738256629706,0.00455472470766,2010,2011,56
NOR,2013,0.210124321568,0.18206998329,0.0750832160534,-0.0002194306178,2011,2012,57
NOR,2014,0.0286888837333,0.19317427577,0.0774115109761,-0.00198061398498,2012,2013,58
NOR,2015,0.0368677369247,0.167676584794,0.0765857037347,-0.00157653902834,2013,2014,59
NOR,2016,0.141525203613,0.13654754709,0.0759237376212,0.0040380094212,2014,2015,60
NOR,2017,0.164457539922,0.133429428839,0.0769991714899,0.00537652951375,2015,2016,61
NOR,2018,-0.0271164450165,0.132723478131,0.0784097903356,0.00641868906455,2016,2017,62
NOR,2019,0.122779548095,0.122256826036,0.0767347707268,0.00683547888458,2017,2018,63
NOR,2020,0.021574920591,0.119450086648,0.0774542203732,0.00803982420693,2018,2019,64
PRT,1985,0.980611387924,-0.00342982896569,-0.0340106571182,0.0237658202973,1983,1984,29
PRT,1986,0.72335976872,0.126668045196,-0.00018992228341,0.00902945222287,1984,1985,30
PRT,1987,0.941085482428,0.225285866049,0.0231503903296,0.00642467704351,1985,1986,31
PRT,1988,-0.342548465289,0.276981503903,0.0518358619577,0.0126540030776,1986,1987,32
PRT,1989,0.169521333617,0.167936762437,0.0398848217381,0.0209747490789,1987,1988,33
PRT,1990,-0.408688121059,0.0743450781957,0.0436976603228,0.0363434374506,1988,1989,34
PRT,1991,-0.122967100163,-0.0270307188012,0.0307723522833,0.0509806915716,1989,1990,35
PRT,1992,-0.184680317119,-0.0509883764848,0.0265018119376,0.0544318920104,1990,1991,36
PRT,1993,0.438930978091,-0.0607119620821,0.0207941868279,0.0551876175195,1991,1992,37
PRT,1994,0.0305686448137,0.0190122552714,0.031797786598,0.0444586367448,1992,1993,38
PRT,1995,-0.0835144396646,0.132080871522,0.031766270142,0.0245213720305,1993,1994,39
PRT,1996,0.285822681608,0.173217962116,0.0288842523968,0.0150947837327,1994,1995,40
PRT,1997,0.616901092322,0.186302410624,0.0351510433532,0.0141368391103,1995,1996,41
PRT,1998,0.235085322405,0.228360674543,0.0490022349953,0.0120471063888,1996,1997,42
PRT,1999,0.101770702898,0.193495088951,0.053329748656,0.0176455517296,1997,1998,43
PRT,2000,-0.107195554883,0.102489363262,0.0544306794342,0.0315949757183,1998,1999,44
PRT,2001,-0.224552696806,0.058475071204,0.0508389853383,0.0379281740608,1999,2000,45
PRT,2002,-0.234845267506,0.0583880018236,0.0448522096395,0.0369273017318,2000,2001,46
PRT,2003,0.137157255358,0.0748442921091,0.0389011994875,0.0331616275792,2001,2002,47
PRT,2004,0.151079490703,0.119329090713,0.0409482006515,0.0260654548291,2002,2003,48
PRT,2005,0.147432553223,0.191059519132,0.0431957779994,0.0144440197555,2003,2004,49
PRT,2006,0.293331835395,0.216850057475,0.0452805135039,0.0098007865218,2004,2005,50
PRT,2007,0.155129157998,0.258130701243,0.0501442649135,0.00383830640079,2005,2006,51
PRT,2008,-0.510167578857,0.255291476944,0.0521632051652,0.00303803698672,2006,2007,52
PRT,2009,0.412387041521,0.184648169134,0.0415531903723,0.00641606477809,2007,2008,53
PRT,2010,-0.07498112707,0.187253534425,0.0484204839121,0.00848727186859,2008,2009,54
PRT,2011,-0.231064357891,0.216069878785,0.0461768182579,-0.000286660010878,2009,2010,55
PRT,2012,0.0478402778328,0.179127639469,0.0412260829695,0.00123126195495,2010,2011,56
PRT,2013,0.150954242148,0.192965373981,0.0413421214759,-0.00428092282185,2011,2012,57
PRT,2014,-0.209950798942,0.234100421189,0.0432319856254,-0.0156176835684,2012,2013,58
PRT,2015,0.180059259245,0.191286491511,0.0389407519887,-0.0157171382274,2013,2014,59
PRT,2016,-0.0063365746158,0.161959118903,0.0412927271096,-0.00668062091369,2014,2015,60
PRT,2017,-0.0135666928986,0.145648499719,0.0405119188846,-0.00457530976051,2015,2016,61
PRT,2018,-0.0121835359596,0.115030405468,0.0396396832107,0.0034433601854,2016,2017,62
PRT,2019,-0.000871628742805,0.0701827480592,0.0388170924302,0.01845827989,2017,2018,63
PRT,2020,0.00250902199545,0.0506345274844,0.0381969561619,0.0253015515066,2018,2019,64
SWE,1985,0.198890195398,0.162555367631,0.0835790159037,0.015121262671,1983,1984,29
SWE,1986,0.473802234463,0.161888114545,0.0874227218868,0.0156340464675,1984,1985,30
SWE,1987,-0.0977770751693,0.178622982566,0.0998865771312,0.0162284249631,1985,1986,31
SWE,1988,0.468692512867,0.132182063483,0.0937095879968,0.0204474382108,1986,1987,32
SWE,1989,0.194012550374,0.118796975065,0.105072706932,0.0239462734742,1987,1988,33
SWE,1990,-0.360432584531,0.121607229159,0.107688584681,0.0238772978129,1988,1989,34
SWE,1991,-0.00674121096645,0.139319443697,0.0943136941317,0.0195349143227,1989,1990,35
SWE,1992,0.00262071247513,0.151922052639,0.0915066134345,0.0169623740314,1990,1991,36
SWE,1993,0.49677634407,0.19715016539,0.089104291787,0.00917339744218,1991,1992,37
SWE,1994,0.0425662874962,0.297309885803,0.0998325036891,0.000237758630609,1992,1993,38
SWE,1995,0.176516382477,0.312125971918,0.0983641391714,-0.00835557992968,1993,1994,39
SWE,1996,0.419816837121,0.264822857807,0.100317945254,-0.00528016945323,1994,1995,40
SWE,1997,0.272379724745,0.251977755378,0.108110601153,0.000417793937567,1995,1996,41
SWE,1998,0.132692567643,0.210103050924,0.112021770763,0.00713283161593,1996,1997,42
SWE,1999,0.689471112803,0.149116557896,0.112502486969,0.0160478809123,1997,1998,43
SWE,2000,-0.116698418312,0.0703242184838,0.125615410283,0.0297913261088,1998,1999,44
SWE,2001,-0.168718483381,0.0463545926212,0.120230658537,0.0323636432828,1999,2000,45
SWE,2002,-0.372537859124,0.0252919353393,0.113949155452,0.0341458961643,2000,2001,46
SWE,2003,0.329258471016,0.0150419503643,0.103598367908,0.033387923826,2001,2002,47
SWE,2004,0.209051521606,0.0316705101765,0.108299620056,0.0327306961643,2002,2003,48
SWE,2005,0.363656601878,0.0667933832338,0.110355781312,0.0287453974897,2003,2004,49
SWE,2006,0.24099528458,0.0814712935844,0.115421797723,0.0277042993651,2004,2005,50
SWE,2007,-0.0490607033812,0.103087212379,0.117884022956,0.0251168927188,2005,2006,51
SWE,2008,-0.412886605583,0.0572879512302,0.114673547449,0.03122719859,2006,2007,52
SWE,2009,0.526600379223,0.0318082039718,0.104719582298,0.0328913671707,2007,2008,53
SWE,2010,0.248865158925,0.0881136351161,0.112532189648,0.0269130314154,2008,2009,54
SWE,2011,-0.159106160782,0.219939700501,0.115010970908,0.00802024159268,2009,2010,55
SWE,2012,0.155483036389,0.16673283796,0.110116022127,0.0138247902109,2010,2011,56
SWE,2013,0.278207011216,0.192276410507,0.110911934658,0.00955359350761,2011,2012,57
SWE,2014,0.158757799604,0.251150119289,0.11379633253,0.000593980288791,2012,2013,58
SWE,2015,0.102394057172,0.232148461403,0.114558391294,0.00265238770245,2013,2014,59
SWE,2016,0.0860247869023,0.14560922178,0.114355652392,0.0165485257271,2014,2015,60
SWE,2017,0.0888510858074,0.172780909836,0.113891211974,0.0115222962729,2015,2016,61
SWE,2018,-0.0587999984566,0.185395695234,0.113487338971,0.00882514798894,2016,2017,62
SWE,2019,0.314930992389,0.14929375114,0.11075261933,0.0141842291851,2017,2018,63
SWE,2020,0.159900246302,0.14637533522,0.113942906409,0.0153952928266,2018,2019,64
USA,1985,0.264784005585,0.0671223089563,0.0498815888115,0.00588668908511,1983,1984,29
USA,1986,0.217855966229,0.0727742631631,0.057045002704,0.0138052950825,1984,1985,30
USA,1987,-0.0285514938878,0.0603235353603,0.0622324531403,0.0220447147372,1985,1986,31
USA,1988,0.146348803889,0.0526752651931,0.0593954547956,0.0240638355973,1986,1987,32
USA,1989,0.246273810291,0.0297857580124,0.0620304047682,0.0352205521697,1987,1988,33
USA,1990,-0.0682078054652,0.04761466629,0.06744932846,0.0352599271225,1988,1989,34
USA,1991,0.176100815254,0.0532126333991,0.0635734103479,0.0276187817551,1989,1990,35
USA,1992,0.125221030895,0.0656705869489,0.0666991715952,0.0228995026861,1990,1991,36
USA,1993,0.071437537435,0.0814093409802,0.0682808434682,0.0146047793423,1991,1992,37
USA,1994,-0.0153881121395,0.0830518577104,0.0683639143621,0.0133813998016,1992,1993,38
USA,1995,0.347960938468,0.0836442567812,0.066216426503,0.00993996909827,1993,1994,39
USA,1996,0.201626073622,0.0979085761016,0.0732600393022,0.0106430977523,1994,1995,40
USA,1997,0.2878287327,0.0997379485383,0.076390918188,0.012089764832,1995,1996,41
USA,1998,0.236668928045,0.0833896978696,0.0814251518669,0.0204354491503,1996,1997,42
USA,1999,0.18922188476,0.0796966046399,0.0850354722431,0.0228857983563,1997,1998,43
USA,2000,-0.0879792220575,0.07281192117,0.0874033452549,0.0261229439026,1998,1999,44
USA,2001,-0.152066057786,0.06344530395,0.0835059548701,0.0276846076614,1999,2000,45
USA,2002,-0.213011583055,0.0452526557962,0.0783848241602,0.0310114908892,2000,2001,46
USA,2003,0.194029438019,0.0543604568499,0.0721849006024,0.026025093667,2001,2002,47
USA,2004,0.0980454353384,0.0760467310376,0.0747233284653,0.0213348357417,2002,2003,48
USA,2005,0.0358581790144,0.0879018390264,0.07519928983,0.0183898567512,2003,2004,49
USA,2006,0.106156152283,0.0951769065649,0.0744124676137,0.0161878732681,2004,2005,50
USA,2007,0.0345749221816,0.102018801753,0.0750348928033,0.0144841705601,2005,2006,51
USA,2008,-0.410203524699,0.0880174994074,0.0742568164452,0.0176843112346,2006,2007,52
USA,2009,0.295345343347,0.0766244783153,0.0651160552915,0.017835953702,2007,2008,53
USA,2010,0.120104305158,0.102075826402,0.0693795606259,0.0118826579437,2008,2009,54
USA,2011,-0.00852436287591,0.15183021032,0.0703018287083,-0.00200243143356,2009,2010,55
USA,2012,0.144831981063,0.133238328825,0.0688942181443,-0.00228200239343,2010,2011,56
USA,2013,0.276721516012,0.139228035341,0.070226459599,-0.00393472912072,2011,2012,57
USA,2014,0.138880217093,0.150318089308,0.0737867191923,-0.00273618026719,2012,2013,58
USA,2015,0.0192735135837,0.133032633294,0.0748899988178,0.00210584775394,2013,2014,59
USA,2016,0.0232951840819,0.0893870677945,0.0739630573972,0.0141341489858,2014,2015,60
USA,2017,0.167909129513,0.0881535427369,0.0731324365232,0.014106377141,2015,2016,61
USA,2018,0.114897577625,0.0890200739673,0.0746610928617,0.0143321562748,2016,2017,62
USA,2019,0.0623882794166,0.0891938206617,0.075299767223,0.0144340427401,2017,2018,63
USA,2020,0.111479117774,0.0811660710273,0.0750980252261,0.0168802862814,2018,2019,64
